Row,MunitOffset_guess,MunitSlope_guess
5,6.187274876077054e+28,-30.895864499690745
