timestep,flow,model,spin,pos,MunitOffset,MunitSlope,Munit,MunitMax,MunitUsed,notes
4000,SANE,RBETA,-0.5,0,0.0,0.0,4.949184084762636e+20,0.0,0.0,
4000,SANE,RBETA,-0.5,1,0.0,0.0,4.949184084762636e+20,0.0,0.0,
4000,SANE,RBETAwJET,-0.5,0,0.0,0.0,4.949184084762636e+20,0.0,0.0,
4000,SANE,RBETAwJET,-0.5,1,0.0,0.0,4.949184084762636e+20,0.0,0.0,
4000,SANE,CRITBETA,-0.5,0,0.0,0.0,4.949184084762636e+20,0.0,0.0,
4000,SANE,CRITBETA,-0.5,1,0.0,0.0,4.949184084762636e+20,0.0,0.0,
4000,SANE,CRITBETAwJET,-0.5,0,0.0,0.0,4.949184084762636e+20,0.0,0.0,
4000,SANE,CRITBETAwJET,-0.5,1,0.0,0.0,4.949184084762636e+20,0.0,0.0,
